,country,dollar_price
1296,Venezuela,0.0
1072,Venezuela,0.67
1016,Venezuela,0.67
147,Saudi Arabia,0.8
56,Argentina,0.83
80,South Africa,0.97
159,Uruguay,1.03
1343,Oman,1.05
1404,Kuwait,1.05
1332,Kuwait,1.05
1415,Oman,1.05
1548,Kuwait,1.1
1703,Oman,1.1
1476,Kuwait,1.1
1631,Oman,1.1
1848,Oman,1.15
1775,Oman,1.15
1692,Kuwait,1.15
1620,Kuwait,1.15
1559,Oman,1.16
45,Philippines,1.18
1302,Bahrain,1.2
1374,Bahrain,1.2
49,South Africa,1.21
1487,Oman,1.21
11,Hungary,1.22
54,Thailand,1.22
95,China,1.24
34,China,1.24
6,China,1.24
47,Russia,1.25
1837,Kuwait,1.25
144,Philippines,1.25
108,Philippines,1.25
1764,Kuwait,1.25
78,Russia,1.26
957,Ukraine,1.27
76,Philippines,1.27
85,Thailand,1.28
127,China,1.3
1909,Kuwait,1.3
240,China,1.31
62,China,1.31
208,China,1.31
167,China,1.31
110,Russia,1.32
39,Hungary,1.32
40,Indonesia,1.35
944,Russia,1.37
18,Poland,1.38
7,Czech Republic,1.39
66,Hong Kong,1.4
1590,Bahrain,1.4
117,Thailand,1.4
1518,Bahrain,1.4
1446,Bahrain,1.4
19,Russia,1.41
151,Sri Lanka,1.41
1920,Oman,1.42
35,Czech Republic,1.44
146,Russia,1.45
157,Ukraine,1.45
26,Thailand,1.45
198,Ukraine,1.45
10,Hong Kong,1.46
155,Thailand,1.48
160,Venezuela,1.48
184,Philippines,1.48
46,Poland,1.48
77,Poland,1.48
186,Russia,1.5
195,Thailand,1.5
1734,Bahrain,1.5
21,South Africa,1.5
1662,Bahrain,1.5
1807,Bahrain,1.5
15,Malaysia,1.51
42,Malaysia,1.51
91,Brazil,1.52
176,Indonesia,1.53
760,India,1.53
1143,Egypt,1.53
38,Hong Kong,1.53
215,Indonesia,1.54
230,Thailand,1.54
1056,Russia,1.54
815,India,1.56
1181,Ukraine,1.56
1069,Ukraine,1.57
322,China,1.57
249,Indonesia,1.57
281,China,1.57
268,Thailand,1.58
202,Argentina,1.58
221,Philippines,1.58
651,India,1.59
1880,Bahrain,1.6
98,Egypt,1.6
1125,Ukraine,1.62
1013,Ukraine,1.62
257,Philippines,1.63
223,Russia,1.64
100,Hong Kong,1.64
315,Venezuela,1.65
597,India,1.65
63,Czech Republic,1.66
1423,Russia,1.67
132,Egypt,1.67
138,Malaysia,1.68
104,Malaysia,1.68
1293,Ukraine,1.68
71,Malaysia,1.68
705,India,1.68
1766,Lebanon,1.68
67,Hungary,1.69
68,Indonesia,1.7
17,New Zealand,1.7
271,Ukraine,1.7
213,Hong Kong,1.71
134,Hong Kong,1.71
288,Hong Kong,1.71
329,Hong Kong,1.71
174,Hong Kong,1.71
247,Hong Kong,1.71
298,Philippines,1.73
901,Ukraine,1.73
1856,Russia,1.75
178,Malaysia,1.75
290,Indonesia,1.75
871,India,1.75
331,Indonesia,1.76
1237,Ukraine,1.76
1694,Lebanon,1.77
309,Thailand,1.77
191,Sri Lanka,1.77
136,Indonesia,1.77
259,Russia,1.78
58,Brazil,1.8
44,New Zealand,1.8
73,New Zealand,1.8
312,Ukraine,1.8
123,Brazil,1.8
172,Egypt,1.8
30,Brazil,1.8
1783,Russia,1.82
286,Egypt,1.82
1711,Russia,1.82
350,Thailand,1.82
200,Uruguay,1.83
12,Indonesia,1.83
374,Malaysia,1.83
292,Malaysia,1.83
217,Malaysia,1.83
251,Malaysia,1.83
333,Malaysia,1.83
102,Indonesia,1.84
273,Uruguay,1.84
469,Sri Lanka,1.84
428,Sri Lanka,1.84
211,Egypt,1.85
1314,Egypt,1.85
1199,Egypt,1.85
984,India,1.85
353,Ukraine,1.85
305,Sri Lanka,1.86
264,Sri Lanka,1.86
1059,South Africa,1.87
300,Russia,1.88
510,Sri Lanka,1.88
164,Britain,1.88
205,Britain,1.88
679,Ukraine,1.88
124,Britain,1.88
391,Thailand,1.88
339,Philippines,1.89
346,Sri Lanka,1.89
410,Hong Kong,1.9
245,Egypt,1.9
432,Thailand,1.9
3,Britain,1.9
370,Hong Kong,1.9
327,Egypt,1.91
1000,Russia,1.91
928,India,1.91
542,India,1.91
1869,Turkey,1.92
1040,India,1.92
1365,Ukraine,1.92
142,Pakistan,1.93
1639,Russia,1.93
237,Britain,1.94
278,Britain,1.94
1644,South Africa,1.94
1403,Jordan,1.95
1331,Jordan,1.95
94,Chile,1.96
387,Sri Lanka,1.96
380,Philippines,1.98
319,Britain,1.99
59,Britain,1.99
31,Britain,1.99
112,South Africa,1.99
92,Britain,1.99
1046,Malaysia,2.0
1102,Malaysia,2.0
435,Ukraine,2.0
378,Pakistan,2.0
1944,Venezuela,2.0
1158,Malaysia,2.0
476,Ukraine,2.0
1437,Ukraine,2.0
1255,Egypt,2.01
96,Czech Republic,2.02
1171,South Africa,2.02
70,Japan,2.02
1370,Argentina,2.03
372,Indonesia,2.04
643,Estonia,2.04
589,Estonia,2.04
412,Indonesia,2.05
89,Argentina,2.05
116,Taiwan,2.06
1112,Russia,2.06
84,Taiwan,2.06
1495,Russia,2.06
149,South Africa,2.07
517,Ukraine,2.07
421,Philippines,2.07
341,Russia,2.08
363,China,2.08
403,China,2.08
444,China,2.08
423,Russia,2.09
1065,Taiwan,2.09
145,Poland,2.1
1351,Russia,2.1
33,Chile,2.1
109,Poland,2.1
451,Hong Kong,2.11
492,Hong Kong,2.11
1336,Malaysia,2.11
473,Thailand,2.12
626,Ukraine,2.12
1836,Jordan,2.12
1763,Jordan,2.13
201,Venezuela,2.13
1724,Turkey,2.14
1115,South Africa,2.14
61,Chile,2.14
1436,Turkey,2.15
1214,Malaysia,2.15
540,Hong Kong,2.16
1121,Taiwan,2.16
1168,Russia,2.17
258,Poland,2.17
222,Poland,2.17
130,Czech Republic,2.17
1003,South Africa,2.17
185,Poland,2.17
255,Pakistan,2.17
103,Japan,2.18
324,Costa Rica,2.18
126,Chile,2.18
139,Mexico,2.18
121,Argentina,2.18
1653,Ukraine,2.19
1041,Indonesia,2.19
53,Taiwan,2.19
514,Thailand,2.19
101,Hungary,2.19
1326,Indonesia,2.19
216,Japan,2.19
534,Estonia,2.2
182,Pakistan,2.2
485,China,2.2
1725,Ukraine,2.21
1572,South Africa,2.21
1500,South Africa,2.21
1567,Russia,2.21
303,South Africa,2.21
1480,Malaysia,2.21
672,Sri Lanka,2.21
283,Costa Rica,2.22
242,Costa Rica,2.22
503,Philippines,2.22
1177,Taiwan,2.23
250,Japan,2.23
1716,South Africa,2.23
426,South Africa,2.24
27,United States,2.24
55,United States,2.24
453,Indonesia,2.24
929,Indonesia,2.24
779,South Africa,2.25
233,Venezuela,2.26
1470,Indonesia,2.26
50,South Korea,2.26
415,Malaysia,2.26
274,Venezuela,2.26
462,Philippines,2.26
1408,Malaysia,2.26
431,Taiwan,2.27
1625,Mexico,2.27
154,Taiwan,2.27
1224,Russia,2.28
1509,Ukraine,2.28
360,Britain,2.29
985,Indonesia,2.29
400,Britain,2.29
482,Britain,2.29
441,Britain,2.29
332,Japan,2.3
1355,Slovenia,2.3
1427,Slovenia,2.3
816,Indonesia,2.3
1233,Taiwan,2.3
1434,Taiwan,2.3
1691,Jordan,2.3
1908,Jordan,2.3
1362,Taiwan,2.3
1475,Jordan,2.3
1547,Jordan,2.3
1619,Jordan,2.3
105,Mexico,2.3
1227,South Africa,2.31
291,Japan,2.31
1280,Russia,2.32
262,South Africa,2.32
120,Venezuela,2.32
724,South Africa,2.32
137,Japan,2.32
419,Pakistan,2.32
225,South Africa,2.32
16,Mexico,2.32
189,South Africa,2.32
947,South Africa,2.32
1506,Taiwan,2.32
1494,Romania,2.33
25,Taiwan,2.33
438,Argentina,2.33
337,Pakistan,2.33
1422,Romania,2.33
1153,Indonesia,2.33
1652,Turkey,2.33
1159,Mexico,2.33
296,Pakistan,2.33
234,Argentina,2.33
1398,Indonesia,2.34
666,Russia,2.34
308,Taiwan,2.34
1758,Indonesia,2.34
267,Taiwan,2.34
513,Taiwan,2.34
1903,Indonesia,2.34
349,Taiwan,2.34
118,Turkey,2.34
835,South Africa,2.35
87,United States,2.35
1386,Egypt,2.35
1932,South Africa,2.35
1410,Moldova,2.35
128,Colombia,2.35
456,Malaysia,2.35
497,Malaysia,2.35
170,Czech Republic,2.35
1614,Indonesia,2.36
595,Hong Kong,2.36
177,Japan,2.36
1831,Indonesia,2.36
571,Ukraine,2.36
1097,Indonesia,2.36
649,Hong Kong,2.36
41,Japan,2.37
505,Russia,2.37
1356,South Africa,2.38
1552,Malaysia,2.38
81,South Korea,2.38
734,Ukraine,2.38
1566,Romania,2.38
845,Ukraine,2.38
161,Argentina,2.38
1428,South Africa,2.38
1289,Taiwan,2.38
169,Costa Rica,2.38
789,Ukraine,2.38
1788,South Africa,2.39
553,Pakistan,2.39
314,Uruguay,2.39
525,Britain,2.39
751,Egypt,2.39
51,Sweden,2.4
1499,Slovenia,2.4
1054,Poland,2.4
1166,Poland,2.4
1209,Indonesia,2.4
1571,Slovenia,2.4
568,Thailand,2.41
1686,Indonesia,2.41
1542,Indonesia,2.41
464,Russia,2.41
1797,Ukraine,2.41
919,Egypt,2.42
472,Taiwan,2.42
194,Taiwan,2.42
1031,Egypt,2.42
1902,India,2.42
862,Egypt,2.42
229,Taiwan,2.42
975,Egypt,2.42
385,South Africa,2.42
1096,India,2.42
1062,Sri Lanka,2.43
72,Mexico,2.43
872,Indonesia,2.43
1027,Colombia,2.43
721,Russia,2.43
758,Hong Kong,2.43
766,Malaysia,2.43
43,Mexico,2.43
703,Hong Kong,2.43
528,China,2.44
1103,Mexico,2.44
460,Pakistan,2.44
603,Malaysia,2.45
891,South Africa,2.45
5,Chile,2.45
1870,Ukraine,2.46
119,United States,2.46
598,Indonesia,2.46
822,Malaysia,2.47
158,United States,2.47
657,Malaysia,2.47
501,Pakistan,2.47
1638,Romania,2.48
1578,Taiwan,2.48
1710,Romania,2.48
1581,Ukraine,2.48
1650,Taiwan,2.48
284,Czech Republic,2.48
616,South Africa,2.49
190,South Korea,2.49
669,South Africa,2.49
580,Britain,2.49
1152,India,2.5
1283,South Africa,2.5
675,Taiwan,2.5
0,Argentina,2.5
390,Taiwan,2.5
28,Argentina,2.5
1715,Slovenia,2.5
1768,Malaysia,2.5
1796,Turkey,2.5
1696,Malaysia,2.5
1643,Slovenia,2.5
1841,Malaysia,2.5
1624,Malaysia,2.5
494,Indonesia,2.51
135,Hungary,2.51
623,Thailand,2.52
325,Czech Republic,2.52
166,Chile,2.53
1613,India,2.53
1482,Moldova,2.53
422,Poland,2.53
1018,Argentina,2.54
934,Malaysia,2.54
960,Venezuela,2.54
416,Mexico,2.54
878,Malaysia,2.54
1325,India,2.54
652,Indonesia,2.55
990,Malaysia,2.55
1009,Taiwan,2.55
953,Taiwan,2.55
1891,Egypt,2.56
467,South Africa,2.56
9,Euro area,2.56
226,South Korea,2.56
564,Sri Lanka,2.57
382,Russia,2.57
1757,India,2.57
619,Sri Lanka,2.57
1830,India,2.57
37,Euro area,2.57
813,Hong Kong,2.57
583,China,2.57
1794,Taiwan,2.57
199,United States,2.58
588,Egypt,2.58
344,South Africa,2.58
156,Turkey,2.58
1397,India,2.58
1409,Mexico,2.58
1337,Mexico,2.58
622,Taiwan,2.59
1,Australia,2.59
730,Taiwan,2.59
1938,Taiwan,2.59
427,South Korea,2.59
1685,India,2.6
1580,Turkey,2.6
1787,Slovenia,2.6
449,Egypt,2.6
368,Egypt,2.6
82,Sweden,2.6
757,Greece,2.6
241,Colombia,2.6
408,Egypt,2.6
490,Egypt,2.6
638,China,2.61
129,Costa Rica,2.61
175,Hungary,2.61
613,Russia,2.61
888,Russia,2.62
1458,Egypt,2.62
849,Argentina,2.62
107,Peru,2.63
841,Taiwan,2.63
263,South Korea,2.63
596,Hungary,2.63
1006,Sri Lanka,2.63
785,Taiwan,2.63
373,Japan,2.64
543,Indonesia,2.64
1241,Vietnam,2.64
508,South Africa,2.64
252,Mexico,2.64
1346,Philippines,2.64
1901,Hungary,2.65
437,Uruguay,2.65
1855,Romania,2.65
1554,Moldova,2.65
711,Malaysia,2.65
676,Thailand,2.65
1782,Romania,2.65
1861,South Africa,2.66
1185,Vietnam,2.66
696,Egypt,2.67
642,Egypt,2.67
65,Euro area,2.67
457,Mexico,2.67
1073,Vietnam,2.67
950,Sri Lanka,2.67
746,China,2.67
232,United States,2.67
498,Mexico,2.67
1722,Taiwan,2.67
1271,Mexico,2.67
691,China,2.67
243,Czech Republic,2.68
610,Philippines,2.68
1265,Indonesia,2.68
1277,Philippines,2.68
567,Taiwan,2.68
773,Philippines,2.68
648,Greece,2.68
1221,Philippines,2.68
838,Sri Lanka,2.69
688,Britain,2.69
1364,Turkey,2.69
926,Hong Kong,2.69
1338,Moldova,2.69
869,Hong Kong,2.69
743,Britain,2.69
420,Peru,2.69
1129,Vietnam,2.69
1541,India,2.69
1418,Philippines,2.69
635,Britain,2.69
894,Sri Lanka,2.69
1469,India,2.69
209,Czech Republic,2.7
697,Estonia,2.7
113,South Korea,2.7
1697,Mexico,2.7
355,Uruguay,2.7
1333,Latvia,2.7
832,Russia,2.7
22,South Korea,2.71
1165,Philippines,2.71
99,Euro area,2.71
150,South Korea,2.72
248,Hungary,2.72
1913,Malaysia,2.72
776,Russia,2.72
214,Hungary,2.72
897,Taiwan,2.72
1038,Hong Kong,2.74
1094,Hong Kong,2.74
133,Euro area,2.74
982,Hong Kong,2.74
1150,Hong Kong,2.74
1206,Hong Kong,2.74
752,Estonia,2.75
1927,Romania,2.75
275,Argentina,2.75
394,Ukraine,2.75
316,Argentina,2.75
1017,Vietnam,2.75
1940,Turkey,2.76
1626,Moldova,2.76
801,China,2.77
504,Poland,2.77
14,Japan,2.77
1923,Philippines,2.77
727,Sri Lanka,2.78
1208,India,2.78
1867,Taiwan,2.78
1490,Philippines,2.78
1298,Argentina,2.78
558,Russia,2.78
1553,Mexico,2.78
1481,Mexico,2.78
272,United States,2.78
798,Britain,2.79
1053,Philippines,2.79
168,Colombia,2.79
1508,Turkey,2.8
1513,Vietnam,2.8
1441,Vietnam,2.8
218,Mexico,2.8
1405,Latvia,2.8
1602,Egypt,2.8
1860,Slovenia,2.8
807,Estonia,2.8
1335,Lithuania,2.8
1530,Egypt,2.8
179,Mexico,2.8
761,Indonesia,2.8
663,Philippines,2.81
555,Philippines,2.81
961,Vietnam,2.81
533,Egypt,2.82
1369,Vietnam,2.82
806,Egypt,2.82
509,South Korea,2.82
857,China,2.82
1674,Egypt,2.83
1819,Egypt,2.83
905,Vietnam,2.83
970,China,2.83
1746,Egypt,2.83
1109,Philippines,2.83
75,Peru,2.83
1851,Philippines,2.84
1562,Philippines,2.84
1778,Philippines,2.84
823,Mexico,2.85
1477,Latvia,2.85
1549,Latvia,2.85
1551,Lithuania,2.85
1765,Latvia,2.85
782,Sri Lanka,2.85
1479,Lithuania,2.85
1514,Argentina,2.85
1907,Japan,2.85
1585,Vietnam,2.85
1407,Lithuania,2.85
1693,Latvia,2.85
4,Canada,2.85
1838,Latvia,2.85
604,Mexico,2.85
1621,Latvia,2.85
1657,Vietnam,2.85
1623,Lithuania,2.85
658,Mexico,2.85
1395,Hong Kong,2.86
706,Indonesia,2.86
1264,India,2.86
1323,Hong Kong,2.86
1729,Vietnam,2.86
1297,Vietnam,2.86
914,China,2.87
786,Thailand,2.87
1047,Mexico,2.88
1051,Pakistan,2.88
1215,Mexico,2.88
1087,Egypt,2.88
967,Britain,2.89
1612,Hungary,2.89
1023,Britain,2.89
313,United States,2.89
854,Britain,2.89
608,Pakistan,2.89
911,Britain,2.89
1843,Moldova,2.89
1767,Lithuania,2.9
293,Mexico,2.9
920,Estonia,2.9
1840,Lithuania,2.9
334,Mexico,2.9
612,Portugal,2.9
863,Estonia,2.9
1695,Lithuania,2.9
557,Portugal,2.9
1634,Philippines,2.9
212,Euro area,2.91
549,Mexico,2.91
173,Euro area,2.92
971,Colombia,2.92
88,Venezuela,2.92
973,Czech Republic,2.92
1539,Hong Kong,2.93
1442,Argentina,2.93
1467,Hong Kong,2.93
1026,China,2.93
1683,Hong Kong,2.93
1611,Hong Kong,2.93
1262,Hong Kong,2.93
917,Czech Republic,2.94
1025,Chile,2.94
1698,Moldova,2.94
246,Euro area,2.94
287,Euro area,2.94
976,Estonia,2.95
720,Portugal,2.95
775,Portugal,2.95
718,Philippines,2.95
1945,Vietnam,2.95
163,Brazil,2.95
2,Brazil,2.95
239,Chile,2.95
1706,Philippines,2.96
654,Israel,2.98
468,South Korea,2.98
820,Japan,2.98
1756,Hungary,2.98
321,Chile,2.98
207,Chile,2.99
1079,Britain,2.99
716,Pakistan,2.99
887,Portugal,3.0
69,Israel,3.0
270,UAE,3.0
143,Peru,3.0
260,Saudi Arabia,3.0
1270,Malaysia,3.0
842,Thailand,3.0
1900,Hong Kong,3.0
1802,Vietnam,3.0
57,Australia,3.0
301,Saudi Arabia,3.0
999,Portugal,3.0
771,Pakistan,3.0
1910,Latvia,3.0
1029,Czech Republic,3.0
1755,Hong Kong,3.0
1354,Slovakia,3.0
354,United States,3.0
197,UAE,3.0
342,Saudi Arabia,3.0
939,Pakistan,3.0
829,Philippines,3.0
1141,Czech Republic,3.0
1055,Portugal,3.0
187,Saudi Arabia,3.0
23,Sweden,3.0
943,Portugal,3.0
831,Portugal,3.0
183,Peru,3.0
1032,Estonia,3.0
29,Australia,3.0
731,Thailand,3.0
90,Australia,3.0
989,Japan,3.01
1540,Hungary,3.02
86,Turkey,3.02
719,Poland,3.03
611,Poland,3.03
664,Poland,3.03
662,Pakistan,3.03
1684,Hungary,3.03
289,Hungary,3.04
1396,Hungary,3.04
1083,Colombia,3.04
868,Greece,3.05
981,Greece,3.05
1912,Lithuania,3.05
812,Greece,3.05
1111,Portugal,3.05
1167,Portugal,3.05
827,Pakistan,3.05
1875,Vietnam,3.05
925,Greece,3.05
883,Pakistan,3.06
1770,Moldova,3.06
1151,Hungary,3.06
1488,Pakistan,3.06
328,Euro area,3.06
830,Poland,3.07
942,Poland,3.07
774,Poland,3.07
886,Poland,3.07
1350,Romania,3.07
712,Mexico,3.08
1039,Hungary,3.08
282,Colombia,3.08
1324,Hungary,3.08
767,Mexico,3.08
954,Thailand,3.09
36,Denmark,3.09
577,Austria,3.09
64,Denmark,3.09
1135,Britain,3.09
8,Denmark,3.09
522,Austria,3.09
304,South Korea,3.09
280,Chile,3.09
204,Brazil,3.1
1468,Hungary,3.1
1344,Pakistan,3.1
1144,Estonia,3.1
1596,China,3.1
1082,China,3.1
1829,Hungary,3.1
1088,Estonia,3.1
1066,Thailand,3.11
962,Argentina,3.11
1085,Czech Republic,3.12
386,South Korea,3.14
362,Chile,3.14
1045,Japan,3.14
1828,Hong Kong,3.14
345,South Korea,3.15
1315,Estonia,3.15
1200,Estonia,3.15
1256,Estonia,3.15
1095,Hungary,3.16
933,Japan,3.16
1915,Moldova,3.16
927,Hungary,3.17
338,Peru,3.17
297,Peru,3.17
256,Peru,3.17
1921,Pakistan,3.17
220,Peru,3.17
443,Chile,3.18
1010,Thailand,3.18
1305,Britain,3.19
983,Hungary,3.19
898,Thailand,3.19
1247,Britain,3.19
632,Austria,3.19
1377,Britain,3.19
1191,Britain,3.19
1431,Sri Lanka,3.19
402,Chile,3.19
125,Canada,3.19
998,Poland,3.2
617,South Korea,3.2
20,Singapore,3.2
765,Japan,3.2
1531,Estonia,3.2
1498,Slovakia,3.2
1459,Estonia,3.2
375,Mexico,3.2
1747,Estonia,3.2
1931,Slovenia,3.2
1110,Poland,3.2
93,Canada,3.2
1279,Portugal,3.2
277,Brazil,3.2
1603,Estonia,3.2
1769,Mexico,3.2
1675,Estonia,3.2
1575,Sri Lanka,3.2
1387,Estonia,3.2
1426,Slovakia,3.2
236,Brazil,3.2
395,United States,3.21
670,South Korea,3.21
396,Uruguay,3.21
1207,Hungary,3.22
1413,Nicaragua,3.22
1195,Colombia,3.24
561,South Africa,3.24
550,Netherlands,3.25
203,Australia,3.25
1492,Portugal,3.25
235,Australia,3.25
1223,Portugal,3.25
1348,Portugal,3.25
122,Australia,3.25
1564,Portugal,3.25
162,Australia,3.25
605,Netherlands,3.25
1420,Portugal,3.25
539,Greece,3.26
1839,Lebanon,3.26
1138,China,3.27
969,Chile,3.27
991,Mexico,3.27
365,Costa Rica,3.27
1157,Japan,3.28
165,Canada,3.28
1597,Colombia,3.29
1814,Colombia,3.29
1665,Britain,3.29
1449,Britain,3.29
1536,Greece,3.3
48,Singapore,3.3
1194,China,3.3
1752,Greece,3.3
1608,Greece,3.3
148,Singapore,3.3
594,Greece,3.3
1680,Greece,3.3
79,Singapore,3.3
111,Singapore,3.3
1464,Greece,3.3
702,Greece,3.3
1632,Pakistan,3.31
1139,Colombia,3.31
409,Euro area,3.31
1341,Nicaragua,3.32
352,UAE,3.33
1052,Peru,3.33
465,Saudi Arabia,3.33
434,UAE,3.33
1416,Pakistan,3.33
393,UAE,3.33
1485,Nicaragua,3.33
559,Saudi Arabia,3.33
996,Peru,3.33
1108,Peru,3.33
506,Saudi Arabia,3.33
383,Saudi Arabia,3.33
614,Saudi Arabia,3.33
940,Peru,3.33
330,Hungary,3.33
667,Saudi Arabia,3.33
777,Saudi Arabia,3.33
60,Canada,3.33
311,UAE,3.33
32,Canada,3.33
404,Colombia,3.34
915,Colombia,3.34
1320,Greece,3.35
484,Chile,3.35
1205,Greece,3.35
1037,Greece,3.35
1392,Greece,3.35
913,Chile,3.35
640,Czech Republic,3.35
493,Hungary,3.35
1093,Greece,3.35
1849,Pakistan,3.35
1149,Greece,3.35
1261,Greece,3.35
478,Uruguay,3.35
450,Euro area,3.36
1213,Japan,3.36
1278,Poland,3.37
1222,Poland,3.37
369,Euro area,3.37
1347,Poland,3.37
1741,Colombia,3.37
491,Euro area,3.38
659,Netherlands,3.38
1022,Brazil,3.38
1560,Pakistan,3.38
908,Austria,3.39
1593,Britain,3.39
795,Austria,3.39
1835,Japan,3.39
1128,Venezuela,3.39
851,Austria,3.39
740,Austria,3.39
685,Austria,3.39
964,Austria,3.39
1521,Britain,3.39
1570,Slovakia,3.4
1132,Austria,3.4
1825,Greece,3.4
1250,China,3.4
1892,Estonia,3.4
1244,Austria,3.4
1300,Austria,3.4
1820,Estonia,3.4
538,Germany,3.4
1178,Thailand,3.4
1188,Austria,3.4
1312,Czech Republic,3.41
1275,Pakistan,3.41
1197,Czech Republic,3.41
725,South Korea,3.41
1523,Chile,3.42
1308,China,3.42
1067,Turkey,3.42
477,United States,3.43
1263,Hungary,3.43
436,United States,3.43
780,South Korea,3.44
405,Costa Rica,3.44
535,Euro area,3.44
1704,Pakistan,3.44
1269,Japan,3.45
1780,Portugal,3.45
340,Poland,3.45
358,Australia,3.45
1842,Mexico,3.45
824,Netherlands,3.45
1708,Portugal,3.45
1853,Portugal,3.45
1104,Netherlands,3.45
936,Netherlands,3.45
276,Australia,3.45
299,Poland,3.45
880,Netherlands,3.45
356,Venezuela,3.45
1636,Portugal,3.45
317,Australia,3.45
992,Netherlands,3.45
1048,Netherlands,3.45
713,Netherlands,3.45
768,Netherlands,3.45
817,Ireland,3.46
762,Ireland,3.46
836,South Korea,3.47
995,Pakistan,3.47
1380,China,3.48
1887,Colombia,3.48
1595,Chile,3.48
414,Japan,3.48
1737,Britain,3.49
930,Ireland,3.49
653,Ireland,3.49
650,Hungary,3.49
707,Ireland,3.49
873,Ireland,3.49
590,Euro area,3.49
1101,Japan,3.49
1345,Peru,3.5
1117,Spain,3.5
537,France,3.5
1933,South Korea,3.5
726,Spain,3.5
1234,Thailand,3.5
1122,Thailand,3.5
1276,Peru,3.5
546,Italy,3.5
1914,Mexico,3.5
793,Argentina,3.5
563,Spain,3.5
562,South Korea,3.5
935,Mexico,3.5
1311,Croatia,3.5
781,Spain,3.5
1220,Peru,3.5
381,Poland,3.5
1061,Spain,3.5
671,Spain,3.5
601,Italy,3.5
618,Spain,3.5
879,Mexico,3.5
1489,Peru,3.5
1020,Austria,3.5
1383,Croatia,3.5
1419,Poland,3.5
1452,China,3.5
906,Argentina,3.5
1417,Peru,3.5
586,Czech Republic,3.51
1330,Japan,3.51
1852,Poland,3.52
446,Costa Rica,3.52
238,Canada,3.52
749,Czech Republic,3.52
1586,Argentina,3.52
860,Czech Republic,3.52
804,Czech Republic,3.52
710,Japan,3.52
206,Canada,3.52
455,Japan,3.52
1791,Sri Lanka,3.52
323,Colombia,3.53
518,United States,3.53
593,Germany,3.53
1081,Chile,3.53
1629,Nicaragua,3.53
1394,Honduras,3.54
1546,Japan,3.55
1939,Thailand,3.56
488,Czech Republic,3.56
1393,Guatemala,3.57
1219,Pakistan,3.57
1074,Argentina,3.57
1681,Guatemala,3.57
1609,Guatemala,3.57
1537,Guatemala,3.57
1321,Guatemala,3.57
1465,Guatemala,3.57
1123,Turkey,3.58
1762,Japan,3.58
1291,Turkey,3.58
1466,Honduras,3.58
644,Euro area,3.58
1179,Turkey,3.58
1524,China,3.58
1235,Turkey,3.58
1060,South Korea,3.59
1810,Britain,3.59
980,Germany,3.59
1036,Germany,3.59
698,Euro area,3.59
1642,Slovakia,3.6
302,Singapore,3.6
646,France,3.6
1491,Poland,3.6
655,Italy,3.6
548,Malaysia,3.6
188,Singapore,3.6
1076,Austria,3.6
700,France,3.6
592,France,3.6
224,Singapore,3.6
261,Singapore,3.6
1776,Pakistan,3.6
1474,Japan,3.61
1402,Japan,3.61
1216,Netherlands,3.61
1363,Thailand,3.61
1163,Pakistan,3.61
1107,Pakistan,3.61
1160,Netherlands,3.61
411,Hungary,3.62
753,Euro area,3.62
997,Philippines,3.62
13,Israel,3.62
1525,Colombia,3.62
1538,Honduras,3.62
1682,Honduras,3.62
1610,Honduras,3.62
1118,Sri Lanka,3.63
279,Canada,3.63
572,United States,3.64
1557,Nicaragua,3.64
647,Germany,3.64
1618,Japan,3.64
756,Germany,3.64
701,Germany,3.64
837,Spain,3.65
1359,Sri Lanka,3.65
1005,Spain,3.65
949,Spain,3.65
1701,Nicaragua,3.65
893,Spain,3.65
1137,Chile,3.65
876,Japan,3.66
1503,Sri Lanka,3.66
1773,Nicaragua,3.66
808,Euro area,3.66
1885,Chile,3.66
1527,Croatia,3.67
424,Saudi Arabia,3.67
1455,Croatia,3.67
516,UAE,3.67
357,Argentina,3.67
1174,Sri Lanka,3.67
1563,Poland,3.67
1599,Croatia,3.67
1164,Peru,3.67
1635,Poland,3.67
475,UAE,3.67
889,Saudi Arabia,3.67
722,Saudi Arabia,3.67
924,Germany,3.67
1130,Argentina,3.67
867,Germany,3.67
811,Germany,3.67
945,Saudi Arabia,3.67
833,Saudi Arabia,3.67
921,Euro area,3.68
864,Euro area,3.68
496,Japan,3.68
1647,Sri Lanka,3.68
1172,South Korea,3.68
1883,Britain,3.69
1453,Colombia,3.69
986,Ireland,3.7
1714,Slovakia,3.7
852,Belgium,3.7
1322,Honduras,3.7
941,Philippines,3.7
800,Chile,3.7
578,Belgium,3.7
741,Belgium,3.7
1786,Slovakia,3.7
977,Euro area,3.7
1719,Sri Lanka,3.7
965,Belgium,3.7
909,Belgium,3.7
1898,Guatemala,3.71
1899,Honduras,3.71
1826,Guatemala,3.71
1753,Guatemala,3.71
1827,Honduras,3.71
1272,Netherlands,3.71
1435,Thailand,3.72
885,Philippines,3.72
856,Chile,3.72
1033,Euro area,3.72
1935,Sri Lanka,3.72
1668,China,3.73
1740,China,3.73
1381,Colombia,3.73
1669,Colombia,3.74
645,Finland,3.75
114,Sweden,3.75
1645,South Korea,3.75
764,Italy,3.75
699,Finland,3.75
536,Finland,3.75
1690,Japan,3.75
591,Finland,3.75
523,Belgium,3.75
1658,Argentina,3.76
447,Czech Republic,3.76
519,Uruguay,3.76
1004,South Korea,3.76
1372,Austria,3.76
870,Hungary,3.77
406,Czech Republic,3.77
1071,Uruguay,3.77
759,Hungary,3.77
1382,Costa Rica,3.78
1754,Honduras,3.78
1148,Germany,3.79
1339,Netherlands,3.79
1286,Sri Lanka,3.79
1230,Sri Lanka,3.79
948,South Korea,3.79
1092,Germany,3.79
810,France,3.8
686,Belgium,3.8
1859,Slovakia,3.8
1805,Austria,3.8
599,Ireland,3.8
633,Belgium,3.8
1229,Spain,3.8
544,Ireland,3.8
1444,Austria,3.81
627,United States,3.81
1501,South Korea,3.81
1089,Euro area,3.82
1862,South Korea,3.82
704,Hungary,3.82
397,Argentina,3.83
1671,Croatia,3.83
1579,Thailand,3.83
487,Costa Rica,3.83
1670,Costa Rica,3.83
1846,Nicaragua,3.83
1451,Chile,3.83
1251,Colombia,3.83
1742,Costa Rica,3.84
1516,Austria,3.84
1290,Thailand,3.84
709,Italy,3.85
1228,South Korea,3.85
932,Italy,3.85
819,Italy,3.85
875,Italy,3.85
1193,Chile,3.85
1456,Czech Republic,3.86
1528,Czech Republic,3.86
1384,Czech Republic,3.86
814,Hungary,3.86
1588,Austria,3.86
1116,South Korea,3.86
1889,Croatia,3.86
452,Hungary,3.87
1600,Czech Republic,3.87
1812,Chile,3.88
1868,Thailand,3.88
1660,Austria,3.88
320,Canada,3.88
1145,Euro area,3.88
364,Colombia,3.89
401,Canada,3.89
1379,Chile,3.89
1573,South Korea,3.89
923,France,3.9
866,France,3.9
1260,Germany,3.9
755,France,3.9
1204,Germany,3.9
1930,Slovakia,3.9
1888,Costa Rica,3.91
694,Czech Republic,3.91
445,Colombia,3.91
1201,Euro area,3.91
1732,Austria,3.92
745,Chile,3.94
1816,Croatia,3.94
1739,Chile,3.94
1454,Costa Rica,3.94
1661,Azerbaijan,3.95
1021,Belgium,3.95
1133,Belgium,3.95
343,Singapore,3.95
1077,Belgium,3.95
1589,Azerbaijan,3.95
1430,Spain,3.95
1445,Azerbaijan,3.95
106,New Zealand,3.95
1042,Ireland,3.95
1517,Azerbaijan,3.95
1301,Azerbaijan,3.95
1253,Czech Republic,3.95
1285,Spain,3.95
1173,Spain,3.95
1373,Azerbaijan,3.95
1733,Azerbaijan,3.95
1502,Spain,3.95
1257,Euro area,3.95
796,Belgium,3.95
384,Singapore,3.95
680,United States,3.96
1730,Argentina,3.96
1507,Thailand,3.97
1705,Peru,3.97
1918,Nicaragua,3.97
1561,Peru,3.97
1633,Peru,3.97
1057,Saudi Arabia,4.0
570,UAE,4.0
1352,Saudi Arabia,4.0
1349,Qatar,4.0
1196,Costa Rica,4.0
1789,South Korea,4.0
1044,Italy,4.0
788,UAE,4.0
1886,China,4.0
1743,Croatia,4.0
625,UAE,4.0
1113,Saudi Arabia,4.0
844,UAE,4.0
1154,Ireland,4.0
527,Chile,4.0
733,UAE,4.0
1098,Ireland,4.0
1281,Saudi Arabia,4.0
988,Italy,4.0
1897,Greece,4.0
1225,Saudi Arabia,4.0
1795,Thailand,4.0
1925,Portugal,4.0
859,Costa Rica,4.0
678,UAE,4.0
1424,Saudi Arabia,4.0
1169,Saudi Arabia,4.0
1421,Qatar,4.0
196,Turkey,4.0
1411,Netherlands,4.0
1001,Saudi Arabia,4.0
916,Costa Rica,4.01
892,South Korea,4.01
1028,Costa Rica,4.02
1429,South Korea,4.03
585,Costa Rica,4.03
972,Costa Rica,4.03
1252,Costa Rica,4.03
1357,South Korea,4.03
461,Peru,4.03
735,United States,4.03
541,Hungary,4.04
1598,Costa Rica,4.04
1316,Euro area,4.04
1310,Costa Rica,4.04
582,Chile,4.05
1388,Euro area,4.05
1189,Belgium,4.05
463,Poland,4.05
1240,Venezuela,4.06
1483,Netherlands,4.06
1140,Costa Rica,4.06
1307,Chile,4.06
1266,Ireland,4.07
1399,Ireland,4.07
530,Costa Rica,4.07
1327,Ireland,4.07
1813,China,4.07
1210,Ireland,4.07
1460,Euro area,4.08
531,Czech Republic,4.08
1667,Chile,4.09
1555,Netherlands,4.09
361,Canada,4.09
1627,Netherlands,4.09
1091,France,4.1
979,France,4.1
1303,Belgium,4.1
809,Finland,4.1
1717,South Korea,4.1
978,Finland,4.1
1358,Spain,4.1
754,Finland,4.1
656,Japan,4.1
865,Finland,4.1
1646,Spain,4.1
1147,France,4.1
1203,France,4.1
231,Turkey,4.1
922,Finland,4.1
1127,Uruguay,4.1
547,Japan,4.1
1035,France,4.1
1245,Belgium,4.1
1034,Finland,4.1
1084,Costa Rica,4.12
1319,Germany,4.12
1532,Euro area,4.12
1284,South Korea,4.12
1391,Germany,4.12
442,Canada,4.12
1699,Netherlands,4.13
1526,Costa Rica,4.13
1890,Czech Republic,4.13
1815,Costa Rica,4.13
1651,Thailand,4.13
1309,Colombia,4.14
1535,Germany,4.14
1463,Germany,4.14
1864,Sri Lanka,4.16
637,Chile,4.16
1924,Poland,4.17
1242,Argentina,4.17
483,Canada,4.17
790,United States,4.18
1592,Brazil,4.18
1015,Uruguay,4.19
1375,Belgium,4.2
1329,Italy,4.2
1268,Italy,4.2
1156,Italy,4.2
1447,Belgium,4.2
1259,France,4.2
1100,Italy,4.2
1606,France,4.2
1462,France,4.2
1390,France,4.2
1534,France,4.2
1678,France,4.2
1401,Italy,4.2
1318,France,4.2
1212,Italy,4.2
738,Argentina,4.2
1574,Spain,4.2
269,Turkey,4.2
1543,Ireland,4.2
602,Japan,4.21
1604,Euro area,4.21
1771,Netherlands,4.22
425,Singapore,4.22
507,Singapore,4.23
1672,Czech Republic,4.24
846,United States,4.24
1817,Czech Republic,4.24
1744,Czech Republic,4.24
843,Turkey,4.25
1676,Euro area,4.25
1723,Thailand,4.27
1748,Euro area,4.29
1803,Argentina,4.29
902,United States,4.29
958,United States,4.29
152,Sweden,4.29
1550,Lebanon,4.29
1014,United States,4.29
1142,Denmark,4.29
1070,United States,4.29
803,Costa Rica,4.29
1519,Belgium,4.3
1850,Peru,4.3
1249,Chile,4.3
1689,Italy,4.3
1471,Ireland,4.3
1761,Italy,4.3
1545,Italy,4.3
1334,Lebanon,4.3
1777,Peru,4.3
1615,Ireland,4.3
1617,Italy,4.3
1473,Italy,4.3
1750,France,4.3
1478,Lebanon,4.31
1406,Lebanon,4.31
748,Costa Rica,4.32
556,Poland,4.32
956,UAE,4.33
1637,Qatar,4.33
1568,Saudi Arabia,4.33
1124,UAE,4.33
1565,Qatar,4.33
1781,Qatar,4.33
1926,Qatar,4.33
1012,UAE,4.33
1854,Qatar,4.33
1180,UAE,4.33
1709,Qatar,4.33
1496,Saudi Arabia,4.33
1068,UAE,4.33
1493,Qatar,4.33
900,UAE,4.33
1718,Spain,4.33
398,Australia,4.34
802,Colombia,4.34
690,Chile,4.35
1663,Belgium,4.35
140,New Zealand,4.35
1591,Belgium,4.35
1823,France,4.35
480,Australia,4.35
439,Australia,4.35
1878,Austria,4.35
1707,Poland,4.36
74,Norway,4.38
1664,Brazil,4.38
1186,Argentina,4.38
1440,Uruguay,4.38
486,Colombia,4.39
668,Singapore,4.4
1844,Netherlands,4.4
1790,Spain,4.4
1656,Uruguay,4.4
821,Lithuania,4.4
693,Costa Rica,4.4
1687,Ireland,4.4
560,Singapore,4.41
1821,Euro area,4.42
192,Sweden,4.43
1801,Venezuela,4.43
1735,Belgium,4.45
180,New Zealand,4.45
253,New Zealand,4.45
219,New Zealand,4.45
1751,Germany,4.45
466,Singapore,4.45
1607,Germany,4.45
1679,Germany,4.46
1183,Uruguay,4.46
1824,Germany,4.46
877,Lithuania,4.47
1779,Poland,4.48
747,Colombia,4.48
1759,Ireland,4.5
1126,United States,4.5
1806,Azerbaijan,4.5
966,Brazil,4.5
1916,Netherlands,4.5
723,Singapore,4.5
1238,United States,4.5
1182,United States,4.5
1368,Uruguay,4.52
584,Colombia,4.54
1808,Belgium,4.55
1146,Finland,4.55
310,Turkey,4.55
1202,Finland,4.56
631,Australia,4.56
1258,Finland,4.56
521,Australia,4.56
306,Sweden,4.57
1876,Argentina,4.57
1896,Germany,4.58
1736,Brazil,4.58
1863,Spain,4.58
1809,Brazil,4.58
1934,Spain,4.58
1882,Brazil,4.58
1090,Finland,4.6
335,New Zealand,4.6
1832,Ireland,4.6
294,New Zealand,4.6
834,Singapore,4.6
1881,Belgium,4.6
1294,United States,4.61
1317,Finland,4.62
899,Turkey,4.62
210,Denmark,4.62
97,Denmark,4.62
1367,United States,4.62
171,Denmark,4.62
955,Turkey,4.62
131,Denmark,4.62
1389,Finland,4.62
1922,Peru,4.63
1239,Uruguay,4.64
371,Hungary,4.65
1893,Euro area,4.65
858,Colombia,4.66
1712,Saudi Arabia,4.67
1784,Saudi Arabia,4.67
1438,United Arab Emirates,4.67
1640,Saudi Arabia,4.67
1292,UAE,4.67
479,Argentina,4.67
1236,UAE,4.67
1366,United Arab Emirates,4.67
1512,Uruguay,4.69
684,Australia,4.7
1895,France,4.7
1879,Azerbaijan,4.7
946,Singapore,4.7
1002,Singapore,4.7
778,Singapore,4.7
1058,Singapore,4.7
890,Singapore,4.7
959,Uruguay,4.71
681,Uruguay,4.71
227,Sweden,4.71
1511,United States,4.71
265,Sweden,4.71
1439,United States,4.71
366,Czech Republic,4.72
526,Canada,4.73
581,Canada,4.73
628,Uruguay,4.74
683,Argentina,4.75
351,Turkey,4.75
641,Denmark,4.75
529,Colombia,4.75
379,Peru,4.75
1461,Finland,4.75
630,Argentina,4.75
639,Colombia,4.77
1834,Italy,4.8
576,Australia,4.8
1655,United States,4.82
1583,United States,4.82
1533,Finland,4.83
1584,Uruguay,4.84
615,Singapore,4.85
692,Colombia,4.85
1728,Uruguay,4.86
1677,Finland,4.87
1605,Finland,4.88
1749,Finland,4.89
1727,United States,4.89
458,New Zealand,4.9
376,New Zealand,4.9
417,New Zealand,4.9
1798,United Arab Emirates,4.92
1510,United Arab Emirates,4.92
1654,United Arab Emirates,4.92
1726,United Arab Emirates,4.92
1582,United Arab Emirates,4.92
1799,United States,4.93
665,Portugal,4.95
1822,Finland,4.95
1520,Brazil,4.97
495,Israel,4.97
708,Israel,4.97
454,Israel,4.97
1457,Denmark,5.0
554,Peru,5.0
717,Peru,5.0
1030,Denmark,5.0
520,Argentina,5.0
1529,Denmark,5.0
1904,Ireland,5.0
828,Peru,5.0
1086,Denmark,5.0
847,Uruguay,5.0
573,Uruguay,5.0
1198,Denmark,5.0
1295,Uruguay,5.0
1857,Saudi Arabia,5.0
609,Peru,5.0
1313,Denmark,5.0
772,Peru,5.0
413,Israel,5.0
1385,Denmark,5.0
1745,Denmark,5.0
575,Argentina,5.0
884,Peru,5.0
791,Uruguay,5.0
1254,Denmark,5.0
1601,Denmark,5.0
499,New Zealand,5.0
502,Peru,5.0
1673,Denmark,5.0
1872,United States,5.04
739,Australia,5.04
634,Brazil,5.04
794,Australia,5.05
1911,Lebanon,5.08
951,Sweden,5.09
1906,Italy,5.1
606,New Zealand,5.1
850,Australia,5.1
660,New Zealand,5.1
551,New Zealand,5.1
1800,Uruguay,5.11
1011,Turkey,5.12
636,Canada,5.12
903,Uruguay,5.14
1942,United States,5.15
392,Turkey,5.15
1078,Brazil,5.17
714,New Zealand,5.2
1342,Norway,5.25
1486,Norway,5.25
1894,Finland,5.25
1184,Venezuela,5.25
963,Australia,5.3
545,Israel,5.3
907,Australia,5.3
600,Israel,5.3
1019,Australia,5.3
1818,Denmark,5.33
1175,Sweden,5.33
689,Canada,5.41
1873,Uruguay,5.43
1114,Singapore,5.45
1007,Sweden,5.46
1190,Brazil,5.5
769,New Zealand,5.5
1246,Brazil,5.5
347,Sweden,5.5
1134,Brazil,5.5
1267,Israel,5.5
825,New Zealand,5.5
736,Uruguay,5.53
744,Canada,5.53
799,Canada,5.54
326,Denmark,5.55
244,Denmark,5.55
285,Denmark,5.55
470,Sweden,5.57
429,Sweden,5.57
1170,Singapore,5.6
1226,Singapore,5.6
1119,Sweden,5.62
1063,Sweden,5.62
1304,Brazil,5.63
1376,Brazil,5.63
1211,Israel,5.63
1155,Israel,5.63
1099,Israel,5.63
1043,Israel,5.63
855,Canada,5.64
474,Turkey,5.65
433,Turkey,5.65
1760,Israel,5.67
1688,Israel,5.67
1472,Israel,5.67
1928,Saudi Arabia,5.67
1905,Israel,5.67
1328,Israel,5.67
1833,Israel,5.67
1871,United Arab Emirates,5.67
1400,Israel,5.67
1544,Israel,5.67
1504,Sweden,5.67
1616,Israel,5.67
532,Denmark,5.7
805,Denmark,5.7
912,Canada,5.7
695,Denmark,5.7
750,Denmark,5.7
489,Denmark,5.7
1936,Sweden,5.7
861,Denmark,5.7
881,New Zealand,5.7
1576,Sweden,5.72
1874,Venezuela,5.75
994,Norway,5.75
918,Denmark,5.75
1075,Australia,5.75
974,Denmark,5.76
1630,Norway,5.78
1497,Singapore,5.8
1425,Singapore,5.8
1353,Singapore,5.8
1282,Singapore,5.8
1131,Australia,5.8
818,Israel,5.83
1448,Brazil,5.83
874,Israel,5.83
987,Israel,5.83
931,Israel,5.83
763,Israel,5.83
1648,Sweden,5.84
1024,Canada,5.84
968,Canada,5.85
1106,Norway,5.85
1050,Norway,5.85
1049,New Zealand,5.9
1243,Australia,5.9
1641,Singapore,5.9
1569,Singapore,5.9
937,New Zealand,5.9
1929,Singapore,5.9
1187,Australia,5.9
1713,Singapore,5.9
24,Switzerland,5.9
1785,Singapore,5.9
993,New Zealand,5.9
407,Denmark,5.9
1858,Singapore,5.9
141,Norway,5.92
515,Turkey,5.95
1622,Lebanon,5.95
1192,Canada,5.97
1136,Canada,5.98
1865,Sweden,6.0
1105,New Zealand,6.0
1080,Canada,6.0
1161,New Zealand,6.0
742,Brazil,6.0
1941,United Arab Emirates,6.0
1299,Australia,6.05
1371,Australia,6.1
1217,New Zealand,6.1
1218,Norway,6.12
1231,Sweden,6.12
1162,Norway,6.12
1287,Sweden,6.14
1443,Australia,6.15
896,Switzerland,6.16
448,Denmark,6.19
1412,New Zealand,6.2
797,Brazil,6.2
1273,New Zealand,6.2
1340,New Zealand,6.2
1943,Uruguay,6.22
1414,Norway,6.25
153,Switzerland,6.3
266,Switzerland,6.3
348,Switzerland,6.3
307,Switzerland,6.3
115,Switzerland,6.3
83,Switzerland,6.3
228,Switzerland,6.3
193,Switzerland,6.3
52,Switzerland,6.3
587,Denmark,6.3
1774,Norway,6.33
1360,Sweden,6.38
1804,Australia,6.4
1484,New Zealand,6.4
1515,Australia,6.45
1659,Australia,6.48
1064,Switzerland,6.5
1866,Switzerland,6.5
181,Norway,6.5
853,Brazil,6.5
471,Switzerland,6.5
1556,New Zealand,6.5
1433,Switzerland,6.5
1432,Sweden,6.5
1232,Switzerland,6.5
1937,Switzerland,6.5
1649,Switzerland,6.5
569,Turkey,6.5
512,Switzerland,6.5
1793,Switzerland,6.5
1361,Switzerland,6.5
1577,Switzerland,6.5
952,Switzerland,6.5
1008,Switzerland,6.5
1120,Switzerland,6.5
389,Switzerland,6.5
1721,Switzerland,6.5
729,Switzerland,6.5
674,Switzerland,6.5
621,Switzerland,6.5
1288,Switzerland,6.5
430,Switzerland,6.5
566,Switzerland,6.5
840,Switzerland,6.5
1702,Norway,6.5
1505,Switzerland,6.5
1176,Switzerland,6.5
784,Switzerland,6.5
1587,Australia,6.55
1248,Canada,6.55
1731,Australia,6.55
624,Turkey,6.6
1628,New Zealand,6.6
1720,Sweden,6.61
1558,Norway,6.62
1306,Canada,6.65
673,Sweden,6.66
418,Norway,6.67
1877,Australia,6.7
1792,Sweden,6.75
910,Brazil,6.75
728,Sweden,6.76
1378,Canada,6.77
1884,Canada,6.77
1666,Canada,6.77
1522,Canada,6.77
1738,Canada,6.77
1811,Canada,6.77
1450,Canada,6.77
895,Sweden,6.78
839,Sweden,6.78
1700,New Zealand,6.8
904,Venezuela,6.82
620,Sweden,6.83
607,Norway,6.83
938,Norway,6.86
1594,Canada,6.88
1919,Norway,6.89
1772,New Zealand,6.9
318,Brazil,6.9
511,Sweden,6.91
295,Norway,6.92
783,Sweden,6.94
367,Denmark,7.0
1845,New Zealand,7.0
574,Venezuela,7.0
1274,Norway,7.0
1917,New Zealand,7.1
1847,Norway,7.12
254,Norway,7.17
661,Norway,7.17
848,Venezuela,7.5
629,Venezuela,7.5
359,Brazil,7.5
792,Venezuela,7.5
500,Norway,7.5
388,Sweden,7.6
770,Norway,7.67
377,Norway,8.0
826,Norway,8.0
459,Norway,8.0
882,Norway,8.0
336,Norway,8.0
399,Brazil,8.03
565,Sweden,8.07
440,Brazil,8.2
677,Turkey,8.25
732,Turkey,8.45
787,Turkey,8.5
682,Venezuela,8.5
715,Norway,8.6
481,Brazil,8.71
552,Norway,9.0
524,Brazil,9.5
737,Venezuela,9.75
579,Brazil,10.25
687,Brazil,11.25
